link,pdf_url,viewer_url
https://www.k5learning.com/worksheets/math/data-graphing/grade-1-bar-charts-a.pdf,https://www.k5learning.com/free-math-worksheets/first-grade-1/data-graphing/bar-charts,http://ndl.iitkgp.ac.in/se_document/k5learning/k5learning/freemathworksheetsfirstgrade1datagraphingbarcharts?e=0|*|||
https://www.k5learning.com/worksheets/math/data-graphing/grade-1-barchart-template-portrait.pdf,https://www.k5learning.com/free-math-worksheets/first-grade-1/data-graphing/blank-bar-charts,http://ndl.iitkgp.ac.in/se_document/k5learning/k5learning/freemathworksheetsfirstgrade1datagraphingblankbarcharts?e=1|*|||
https://www.k5learning.com/worksheets/math/data-graphing/grade-1-collecting-data-a.pdf,https://www.k5learning.com/free-math-worksheets/first-grade-1/data-graphing/collecting-data,http://ndl.iitkgp.ac.in/se_document/k5learning/k5learning/freemathworksheetsfirstgrade1datagraphingcollectingdata?e=2|*|||
https://www.k5learning.com/worksheets/math/data-graphing/grade-1-reading-bar-charts-a.pdf,https://www.k5learning.com/free-math-worksheets/first-grade-1/data-graphing/reading-bar-charts,http://ndl.iitkgp.ac.in/se_document/k5learning/k5learning/freemathworksheetsfirstgrade1datagraphingreadingbarcharts?e=3|*|||
https://www.k5learning.com/worksheets/math/data-graphing/grade-1-sort-count-a.pdf,https://www.k5learning.com/free-math-worksheets/first-grade-1/data-graphing/sort-and-count,http://ndl.iitkgp.ac.in/se_document/k5learning/k5learning/freemathworksheetsfirstgrade1datagraphingsortandcount?e=4|*|||
https://www.k5learning.com/worksheets/math/data-graphing/grade-2-analyzing-bar-graphs-a.pdf,https://www.k5learning.com/free-math-worksheets/second-grade-2/data-graphing/bar-charts,http://ndl.iitkgp.ac.in/se_document/k5learning/k5learning/freemathworksheetssecondgrade2datagraphingbarcharts?e=5|*|||
https://www.k5learning.com/worksheets/math/data-graphing/grade-2-reading-bar-graphs-a.pdf,https://www.k5learning.com/free-math-worksheets/second-grade-2/data-graphing/bar-graphs,http://ndl.iitkgp.ac.in/se_document/k5learning/k5learning/freemathworksheetssecondgrade2datagraphingbargraphs?e=6|*|||
https://www.k5learning.com/worksheets/math/data-graphing/grade-2-data-collection-a.pdf,https://www.k5learning.com/free-math-worksheets/second-grade-2/data-graphing/data-collection,http://ndl.iitkgp.ac.in/se_document/k5learning/k5learning/freemathworksheetssecondgrade2datagraphingdatacollection?e=7|*|||
https://www.k5learning.com/worksheets/math/data-graphing/grade-2-pictographs-a.pdf,https://www.k5learning.com/free-math-worksheets/second-grade-2/data-graphing/pictographs,http://ndl.iitkgp.ac.in/se_document/k5learning/k5learning/freemathworksheetssecondgrade2datagraphingpictographs?e=8|*|||
https://www.k5learning.com/worksheets/math/data-graphing/grade-2-reading-pie-charts-a.pdf,https://www.k5learning.com/free-math-worksheets/second-grade-2/data-graphing/reading-pie-charts,http://ndl.iitkgp.ac.in/se_document/k5learning/k5learning/freemathworksheetssecondgrade2datagraphingreadingpiecharts?e=9|*|||
https://www.k5learning.com/worksheets/math/data-graphing/grade-2-sort-count-a.pdf,https://www.k5learning.com/free-math-worksheets/second-grade-2/data-graphing/sort-count,http://ndl.iitkgp.ac.in/se_document/k5learning/k5learning/freemathworksheetssecondgrade2datagraphingsortcount?e=10|*|||
https://www.k5learning.com/worksheets/math/data-graphing/grade-2-tally-sheets-a.pdf,https://www.k5learning.com/free-math-worksheets/second-grade-2/data-graphing/tally-sheet,http://ndl.iitkgp.ac.in/se_document/k5learning/k5learning/freemathworksheetssecondgrade2datagraphingtallysheet?e=11|*|||
https://www.k5learning.com/worksheets/math/data-graphing/grade-2-venn-diagrams-a.pdf,https://www.k5learning.com/free-math-worksheets/second-grade-2/data-graphing/venn-diagrams,http://ndl.iitkgp.ac.in/se_document/k5learning/k5learning/freemathworksheetssecondgrade2datagraphingvenndiagrams?e=12|*|||
https://www.k5learning.com/worksheets/math/data-graphing/grade-3-analyzing-scaled-bar-graphs-a.pdf,https://www.k5learning.com/free-math-worksheets/third-grade-3/data-graphing/analyze-scaled-bar-graphs,http://ndl.iitkgp.ac.in/se_document/k5learning/k5learning/freemathworksheetsthirdgrade3datagraphinganalyzescaledbargraphs?e=13|*|||
https://www.k5learning.com/worksheets/math/data-graphing/grade-3-circle-graphs-a.pdf,https://www.k5learning.com/free-math-worksheets/third-grade-3/data-graphing/circle-graphs,http://ndl.iitkgp.ac.in/se_document/k5learning/k5learning/freemathworksheetsthirdgrade3datagraphingcirclegraphs?e=14|*|||
https://www.k5learning.com/worksheets/math/data-graphing/grade-3-data-analysis-a.pdf,https://www.k5learning.com/free-math-worksheets/third-grade-3/data-graphing/data-analysis,http://ndl.iitkgp.ac.in/se_document/k5learning/k5learning/freemathworksheetsthirdgrade3datagraphingdataanalysis?e=15|*|||
https://www.k5learning.com/worksheets/math/data-graphing/grade-3-data-collection-a.pdf,https://www.k5learning.com/free-math-worksheets/third-grade-3/data-graphing/data-collection,http://ndl.iitkgp.ac.in/se_document/k5learning/k5learning/freemathworksheetsthirdgrade3datagraphingdatacollection?e=16|*|||
https://www.k5learning.com/worksheets/math/data-graphing/grade-3-labelling-graphs-a.pdf,https://www.k5learning.com/free-math-worksheets/third-grade-3/data-graphing/labelling-graphs,http://ndl.iitkgp.ac.in/se_document/k5learning/k5learning/freemathworksheetsthirdgrade3datagraphinglabellinggraphs?e=17|*|||
https://www.k5learning.com/worksheets/math/data-graphing/grade-3-interpreting-line-plots-a.pdf,https://www.k5learning.com/free-math-worksheets/third-grade-3/data-graphing/line-plots,http://ndl.iitkgp.ac.in/se_document/k5learning/k5learning/freemathworksheetsthirdgrade3datagraphinglineplots?e=18|*|||
https://www.k5learning.com/worksheets/math/data-graphing/grade-3-making-line-plots-a.pdf,https://www.k5learning.com/free-math-worksheets/third-grade-3/data-graphing/line-plots-draw,http://ndl.iitkgp.ac.in/se_document/k5learning/k5learning/freemathworksheetsthirdgrade3datagraphinglineplotsdraw?e=19|*|||
https://www.k5learning.com/worksheets/math/data-graphing/grade-3-scaled-bar-graphs-a.pdf,https://www.k5learning.com/free-math-worksheets/third-grade-3/data-graphing/scaled-bar-graphs,http://ndl.iitkgp.ac.in/se_document/k5learning/k5learning/freemathworksheetsthirdgrade3datagraphingscaledbargraphs?e=0|*|||
https://www.k5learning.com/worksheets/math/data-graphing/grade-3-scaled-pictographs-a.pdf,https://www.k5learning.com/free-math-worksheets/third-grade-3/data-graphing/scaled-pictographs,http://ndl.iitkgp.ac.in/se_document/k5learning/k5learning/freemathworksheetsthirdgrade3datagraphingscaledpictographs?e=1|*|||
https://www.k5learning.com/worksheets/math/data-graphing/grade-3-tally-graph-a.pdf,https://www.k5learning.com/free-math-worksheets/third-grade-3/data-graphing/tally-graph,http://ndl.iitkgp.ac.in/se_document/k5learning/k5learning/freemathworksheetsthirdgrade3datagraphingtallygraph?e=2|*|||
https://www.k5learning.com/worksheets/math/data-graphing/grade-3-venn-diagrams-a.pdf,https://www.k5learning.com/free-math-worksheets/third-grade-3/data-graphing/venn-diagrams-triple,http://ndl.iitkgp.ac.in/se_document/k5learning/k5learning/freemathworksheetsthirdgrade3datagraphingvenndiagramstriple?e=3|*|||
https://www.k5learning.com/worksheets/math/grade-3-meaning-division-sentences-a.pdf,https://www.k5learning.com/free-math-worksheets/third-grade-3/division/meaning-division-sentences,http://ndl.iitkgp.ac.in/se_document/k5learning/k5learning/freemathworksheetsthirdgrade3divisionmeaningdivisionsentences?e=4|*|||
