,viewer_url
0,http://ndl.iitkgp.ac.in/se_document/scert_cg/123456789_scertchhattisgarh/990297?e=6|*|||
1,http://ndl.iitkgp.ac.in/se_document/scert_cg/123456789_scertchhattisgarh/990300?e=9|*|||
2,http://ndl.iitkgp.ac.in/se_document/scert_cg/123456789_scertchhattisgarh/990325?e=11|*|||
3,http://ndl.iitkgp.ac.in/se_document/scert_cg/123456789_scertchhattisgarh/990331?e=17|*|||
4,http://ndl.iitkgp.ac.in/se_document/jac/jac/21539b94413626f20c7c1acb4d711b9e?e=3|*|||
5,http://ndl.iitkgp.ac.in/se_document/jac/jac/47e8cc040d2629802351fad8a34a7a6c?e=15|*|||
6,http://ndl.iitkgp.ac.in/se_document/jac/jac/48dc454fd898a0963d58419cd9636b41?e=16|*|||
7,http://ndl.iitkgp.ac.in/se_document/jac/jac/c377bb51472d860721fb6bec8096a54b?e=8|*|||
8,http://ndl.iitkgp.ac.in/se_document/jac/jac/db83dc4d8dccdf39ab94de4604633f8e?e=18|*|||
9,http://ndl.iitkgp.ac.in/se_document/jac/jac/fab643efd2d8032b2ff0783ddf4afb10?e=2|*|||
10,http://ndl.iitkgp.ac.in/se_document/kv_arga/kvsagra/2022056380?e=18|*|||
11,http://ndl.iitkgp.ac.in/se_document/nios/nios/media_documents_secmathcour_math_worksheet_hindi_211_211_ws_h_16?e=16|*|||
12,http://ndl.iitkgp.ac.in/se_document/nios/nios/media_documents_secmathcour_math_worksheet_hindi_211_211_ws_h_21?e=1|*|||
13,http://ndl.iitkgp.ac.in/se_document/nios/nios/media_documents_secmathcour_math_worksheet_hindi_211_211_ws_h_25?e=5|*|||
14,http://ndl.iitkgp.ac.in/se_document/nios/nios/media_documents_secmathcour_math_worksheet_hindi_211_211_ws_h_4?e=7|*|||
15,http://ndl.iitkgp.ac.in/se_document/nios/nios/media_documents_secmathcour_math_worksheet_hindi_211_211_ws_h_5?e=8|*|||
16,http://ndl.iitkgp.ac.in/se_document/nios/nios/media_documents_secmathcour_math_worksheet_hindi_211_211_ws_h_6?e=9|*|||
17,http://ndl.iitkgp.ac.in/se_document/nios/nios/media_documents_secmathcour_math_worksheet_hindi_211_211_ws_h_8?e=10|*|||
18,http://ndl.iitkgp.ac.in/se_document/nios/nios/media_documents_secmathcour_math_worksheet_hindi_211_maths_sec_ws_2?e=12|*|||
19,http://ndl.iitkgp.ac.in/se_document/nios/nios/media_documents_secmathcour_math_worksheet_hindi_211_maths_sec_ws_3?e=13|*|||
20,http://ndl.iitkgp.ac.in/se_document/nios/nios/media_documents_secmathcour_maths_worksheet_211_211_maths_ws_e_14?e=17|*|||
21,http://ndl.iitkgp.ac.in/se_document/nios/nios/media_documents_secmathcour_maths_worksheet_211_211_maths_ws_e_17?e=19|*|||
22,http://ndl.iitkgp.ac.in/se_document/nios/nios/media_documents_secmathcour_maths_worksheet_211_maths_211_worksheet_10_english?e=9|*|||
23,http://ndl.iitkgp.ac.in/se_document/nios/nios/media_documents_secmathcour_maths_worksheet_211_maths_211_worksheet_9_english?e=16|*|||
24,http://ndl.iitkgp.ac.in/se_document/nios/nios/media_documents_worksheet_senior_secondary_311_worksheet_hindi_311_worksheet_hindi3?e=18|*|||
25,http://ndl.iitkgp.ac.in/se_document/nios/nios/media_documents_worksheet_senior_secondary_311_worksheet_hindi_311_ws_h_10?e=19|*|||
26,http://ndl.iitkgp.ac.in/se_document/nios/nios/media_documents_worksheet_senior_secondary_311_worksheet_hindi_311_ws_h_12?e=1|*|||
27,http://ndl.iitkgp.ac.in/se_document/nios/nios/media_documents_worksheet_senior_secondary_311_worksheet_hindi_311_ws_h_14?e=3|*|||
28,http://ndl.iitkgp.ac.in/se_document/nios/nios/media_documents_worksheet_senior_secondary_311_worksheet_hindi_311_ws_h_18?e=6|*|||
29,http://ndl.iitkgp.ac.in/se_document/nios/nios/media_documents_worksheet_senior_secondary_311_worksheet_hindi_311_ws_h_22?e=7|*|||
30,http://ndl.iitkgp.ac.in/se_document/nios/nios/media_documents_worksheet_senior_secondary_311_worksheet_hindi_311_ws_h_26?e=11|*|||
31,http://ndl.iitkgp.ac.in/se_document/nios/nios/media_documents_worksheet_senior_secondary_311_worksheet_hindi_311_ws_h_27?e=12|*|||
32,http://ndl.iitkgp.ac.in/se_document/nios/nios/media_documents_worksheets_senior_secondary_maths_311_ws_maths_311_e_l10?e=8|*|||
33,http://ndl.iitkgp.ac.in/se_document/nios/nios/media_documents_worksheets_senior_secondary_maths_311_ws_maths_311_e_l18?e=15|*|||
34,http://ndl.iitkgp.ac.in/se_document/nios/nios/media_documents_worksheets_senior_secondary_maths_311_ws_maths_311_e_l28?e=2|*|||
35,http://ndl.iitkgp.ac.in/se_document/nios/nios/media_documents_worksheets_senior_secondary_maths_311_ws_maths_311_e_l8?e=14|*|||
